商品名,価格,商品URL,画像URL
"【P5倍★30日23:59まで】洗濯機 全自動洗濯機 小型 縦型洗濯機 一人暮らし 6kg 小型洗濯機 ミニ洗濯機 洗濯 脱水 すずき 予約洗濯機能 チャイルドロック ステンレス槽 排水ホース キレイ 毛布 きれい 洗濯器 家電 コンパク","17,500円〜送料無料","https://item.rakuten.co.jp/canow/cnw-wmsk60a-gy/","https://tshop.r10s.jp/canow/cabinet/08014635/11384139/11564029/imgrc0156954516.jpg?fitin=275:275"
"【期間限定5%OFFクーポン 7/2 10:00まで】 洗濯機 6kg 全自動洗濯機 一人暮らし 1人暮らし コンパクト 引越し 縦型洗濯機 風乾燥 槽洗浄 凍結防止 小型洗濯機 残り湯洗濯可能 チャイルドロック マクスゼン MAXZEN JW60WP01WH PB洗濯CP エクプラ特選","26,980円〜送料無料","https://item.rakuten.co.jp/a-price/4571495430710/","https://tshop.r10s.jp/a-price/cabinet/mailmaga/08814302/4571495430710.jpg?fitin=275:275"
"【★月末セール】洗濯機 5.5kg 一人暮らし 全自動洗濯機 静音 小型 最短15分洗濯 選べる10コース 防振 1人 2人 子育て 家庭 職場 制服 作業着 サブ機 予約 風乾燥 節電 節水","18,980円〜送料無料","https://item.rakuten.co.jp/sportsmonster/washingmachine02-55/","https://tshop.r10s.jp/sportsmonster/cabinet/furniture/washing02-55_0_2.jpg?fitin=275:275"
"【月末セール★2,000円OFF】洗濯機 一人暮らし 4.5kg 全自動洗濯機 小型洗濯機 コンパクト ひとり暮らし 防振かさ上げ台付 TE-SE001-GL ONE STEP","17,980円〜送料無料","https://item.rakuten.co.jp/yozakura/washingmachine01/","https://tshop.r10s.jp/yozakura/cabinet/furniture/washingmachine01-45r.jpg?fitin=275:275"
"【★最大1,000円OFFクーポンあり！】【★レビュープレゼントあり】洗濯機 一人暮らし 全自動洗濯機 3.2kg ひとり暮らし 小型洗濯機 縦型洗濯機","16,980円〜送料無料","https://item.rakuten.co.jp/yozakura/washingmachine02-32/","https://tshop.r10s.jp/yozakura/cabinet/furniture/washingmachine02-32n.jpg?fitin=275:275"
"【期間限定5%OFFクーポン 7/2 10:00まで】 洗濯機 5kg 全自動洗濯機 一人暮らし 1人暮らし コンパクト 引越し 縦型洗濯機 風乾燥 槽洗浄 凍結防止 小型洗濯機 残り湯洗濯可能 チャイルドロック マクスゼン MAXZEN JW50WP01WH エクプラ特選 レビューCP500","22,980円〜送料無料","https://item.rakuten.co.jp/a-price/4571495431410/","https://tshop.r10s.jp/a-price/cabinet/mailmaga/08814302/4571495431410.jpg?fitin=275:275"
"[最大400円クーポン] 洗濯機 6kg 縦型 一人暮らし 全自動洗濯機 縦型洗濯機 節水 時短 コンパクト 部屋干し ブラック ホワイト 黒 白 新品 ガチ落ち大水流洗浄 アイリスオーヤマ IAW-T606【HS】","29,800円〜送料無料","https://item.rakuten.co.jp/enetroom/573828/","https://tshop.r10s.jp/enetroom/cabinet/tenposupport05/108963.jpg?fitin=275:275"
"【期間限定5%OFFクーポン 7/2 10:00まで】 洗濯機 7kg 全自動洗濯機 一人暮らし 1人暮らし コンパクト 引越し 縦型洗濯機 風乾燥 槽洗浄 凍結防止 小型洗濯機 残り湯洗濯可能 チャイルドロック マクスゼン MAXZEN JW70WP01WH エクプラ特選 PB洗濯CP","28,980円〜送料無料","https://item.rakuten.co.jp/a-price/4571495430680/","https://tshop.r10s.jp/a-price/cabinet/mailmaga/08814302/imgrc0103674507.jpg?fitin=275:275"
"【★最大1,000円OFFクーポンあり！】【★レビュープレゼントあり】洗濯機 一人暮らし 全自動洗濯機 3.2kg 1人暮らし向け 小型洗濯機 縦型洗濯機","16,280円〜送料無料","https://item.rakuten.co.jp/sportsmonster/washingmachine02-32/","https://tshop.r10s.jp/sportsmonster/cabinet/furniture/washing02-32_0_2.jpg?fitin=275:275"
"[最大400円クーポン] 洗濯機 一人暮らし 5kg 6kg 縦型 アイリスオーヤマ 白 黒 送料無料 5キロ 6キロ 小型 節水 コンパクト ブラック ホワイト 予約タイマー 少量洗い対応 新生活 IAW-T504 IAW-T605【AR対応】【HS】","25,800円〜送料無料","https://item.rakuten.co.jp/enetroom/517433/","https://tshop.r10s.jp/enetroom/cabinet/04746494/thum/517433.jpg?fitin=275:275"